username,email,phone
client_5733,zle43z5r4sd@example.com,0804256942
dev_4491,kpcyt70@sample.com,0809981745
qa_8500,sj09u012cp@demo.com,0943673308
guest_7821,od8jv3ew9@mail.com,0990919488
tester_6505,vubqi1ltg2@web.com,0841448271
tester_8991,aocj6c7hr4s@sample.com,0895300823
test_7680,yxftxxqrv@mail.com,0818076140
test_6857,p88my8hr@sample.com,0964340139
staff_6249,l3d5vsv2b@web.com,0907113273
tester_2362,l8mxovumpznf@web.com,0881574789
user_7425,7pogaedv@app.com,0825916710
tester_5360,rdjeszvxdbv8@mail.com,0912492557
client_6769,61efj2jyninb@demo.com,0905475435
client_8922,khb0si@app.com,0967273075
qa_2612,o9comeo88qp9@sample.com,0869372865
test_0861,tqwgriirf@mail.com,0862417505
test_5846,yp33lwh9@sample.com,0981368018
tester_0237,739plddi13h@test.com,0835126014
client_2593,f2ag2tnb@example.com,0967519264
demo_2236,st1e6qjz1@app.com,0965512380
user_7167,7w7mpx4gh@mail.com,0907215957
qa_6851,0v25gnk0qqc@test.com,0807588669
demo_9497,w1xbt2bqlfb@example.com,0991779412
tester_7556,u5naevm@mail.com,0970977987
demo_6709,k0wt9drdp@test.com,0897574830
qa_6040,edy25u6fq6@sample.com,0969243331
tester_6954,k0qybluhv@demo.com,0841241116
guest_3334,oq4uzps@sample.com,0827214011
staff_7537,iy43aeew7phj@mail.com,0825634090
guest_9353,s99k4al4o6@demo.com,0951561913
user_5762,gne6e10yowt4@demo.com,0917898750
test_0972,fpijrh@web.com,0847337276
qa_4920,ay2frl34auy@example.com,0913563958
user_6897,3spzwpt4s2v@example.com,0803990660
guest_4563,ocgsasizwe@demo.com,0804669447
test_8469,fqlgmoj1v@mail.com,0842050091
qa_4895,tg90pdm3u5o@mail.com,0917101570
tester_1171,bj0z9f1f@test.com,0972610795
dev_1456,jwcky7@test.com,0930500578
client_4157,aqu6z5jfyi@example.com,0887984769
demo_4797,joynx21yf@test.com,0814047028
member_0622,bds8l0do8l@web.com,0816099224
dev_5862,3y3tml97k3yf@app.com,0963057330
client_9290,iitklcf1g4ig@test.com,0969196586
test_6740,4fvfspr98py@demo.com,0983006721
client_2926,q7tsbgdc@web.com,0907049695
qa_0829,4stswyj@web.com,0814731384
client_1546,lkc7mc50i638@web.com,0908570355
test_4702,x1b668o@mail.com,0878141375
tester_6062,ggitnx@example.com,0965341889
guest_9471,hrxp35ipd5@example.com,0910692928
tester_2565,7beo6bw5si@test.com,0879259367
user_0326,52futhi@sample.com,0817211180
tester_9689,7ep3a8r7p@example.com,0980713270
client_5589,jt5z0qs4v@test.com,0829372916
user_3357,vc3rsg4jh6@example.com,0928519155
client_0394,b7yczsewle@app.com,0841551792
qa_4557,zg5t4i9v8j3j@test.com,0871542496
client_5126,crobhktcpxy@mail.com,0808980672
qa_6900,mrscvb7xg@app.com,0834089466
client_7944,l4adaz014@sample.com,0811125497
member_8192,xqosq7wkk@example.com,0853081031
client_6986,br6fic3d6@test.com,0890528621
test_6305,rz8maqm2@example.com,0912551888
guest_5936,tyh34oods0@example.com,0856172988
dev_0855,q37fz4ut2kma@app.com,0996854784
dev_0389,twhshxov@web.com,0848300612
staff_6190,pfvrsm8dax@sample.com,0834644168
client_7763,a1te5dqg94qp@demo.com,0866905079
demo_1283,cmqh3lfk@example.com,0916710658
demo_3413,qtwzs3lqv61@test.com,0805972363
tester_8185,iddy2u4@demo.com,0845456669
staff_4145,909o22rn2@test.com,0975251143
guest_4998,y374ra5zn@test.com,0831421946
test_2997,4jokm0ijwqd7@example.com,0934875743
guest_9368,lcnz10wcw@test.com,0899862166
guest_9953,mqu8ygy32gpq@mail.com,0868727068
client_2508,l1pdy0m0cuu@test.com,0863750407
dev_2550,ew76nf601i@mail.com,0828083072
user_6437,549vsq52dh@web.com,0884515211
test_3505,aoj6b42cz@mail.com,0836901122
staff_7114,bo15iu5o@mail.com,0971621195
client_7437,q0eoaw7ql@example.com,0802206003
member_6938,h1vhck8x@web.com,0817056310
test_1943,n2c35q@app.com,0988724964
test_8222,kqjzzl224@web.com,0901003930
staff_2257,iama4dt@example.com,0888767141
guest_8202,0kod82c53u@app.com,0877495147
dev_4492,ouxz01x@web.com,0852337707
demo_6147,zicrt1n@example.com,0820201170
staff_7372,sv74t7@example.com,0812967969
test_8382,21x61o7hn@example.com,0893615821
staff_9652,8zs5fspmacw@sample.com,0990853220
demo_2404,unway9y1kjj@mail.com,0830981083
staff_6972,yrvv7aw7yn1q@example.com,0996872806
user_9914,k8b9e1dkuvkg@example.com,0963688063
user_0702,2bx1tc8q08u9@sample.com,0883172313
user_6006,yj680be@test.com,0894540392
test_4406,fxjr88sds@example.com,0881493539
qa_9989,gq7aqc8m@mail.com,0974530519
